{"1":{"id":1,"scrollX":2160,"scrollY":1621.3333333333333},"4":{"id":4,"scrollX":745.3333333333334,"scrollY":1311.3333333333333},"6":{"id":6,"scrollX":1081.3333333333333,"scrollY":1922.6666666666667},"8":{"id":8,"scrollX":1270.6666666666667,"scrollY":2266.6666666666665},"9":{"id":9,"scrollX":1318.6666666666667,"scrollY":886.6666666666666},"15":{"id":15,"scrollX":1092,"scrollY":614.6666666666666},"16":{"id":16,"scrollY":2204},"17":{"id":17,"scrollX":1081.3333333333333,"scrollY":1305.3333333333333},"18":{"id":18,"scrollX":1081.3333333333333,"scrollY":614.6666666666666},"19":{"id":19,"scrollX":1081.3333333333333,"scrollY":1032},"20":{"id":20,"scrollX":3893.3333333333335,"scrollY":880},"21":{"id":21,"scrollX":1126.6666666666667,"scrollY":604},"22":{"id":22,"scrollX":1392.8,"scrollY":1591.2},"24":{"id":24,"scrollX":1081.3333333333333,"scrollY":604},"26":{"id":26,"expanded":false,"scrollX":1092,"scrollY":614.6666666666666},"28":{"id":28,"scrollX":1092,"scrollY":614.6666666666666},"33":{"id":33,"expanded":false,"name":"testmap","order":170,"parentId":0,"scrollX":1092,"scrollY":614.6666666666666},"44":{"id":44,"scrollX":1081.3333333333333,"scrollY":614.6666666666666},"45":{"id":45,"scrollX":1081.3333333333333,"scrollY":646.6666666666666},"46":{"id":46,"scrollX":1081.3333333333333,"scrollY":604},"50":{"id":50,"scrollX":1092,"scrollY":614.6666666666666},"59":{"id":59,"scrollX":2332,"scrollY":621.3333333333334},"66":{"id":66,"scrollX":1081.3333333333333},"67":{"id":67,"scrollX":1081.3333333333333,"scrollY":621.3333333333334},"68":{"id":68,"scrollX":1126.6666666666667,"scrollY":621.3333333333334},"74":{"id":74,"scrollX":1081.3333333333333,"scrollY":656},"78":{"id":78,"expanded":false,"scrollX":1081.3333333333333,"scrollY":604},"141":{"id":141,"scrollX":3238.6666666666665,"scrollY":880},"186":{"id":186,"scrollX":1092,"scrollY":614.6666666666666}}